id,school_year,age,gender,bmi,who_bmi,phq_score,depressiveness,suicidal,depression_diagnosis,depression_treatment,gad_score,anxiety_severity,anxiousness,anxiety_diagnosis,anxiety_treatment,epworth_score,sleepiness
1,1,14,male,33.33333333,Class I Obesity,9,0,0,0,0,11,Moderate,1,0,0,7,0
2,1,18,male,19.84126984,Normal,8,0,0,0,0,5,Mild,0,0,0,14,1
3,1,15,male,25.10239133,Overweight,8,0,0,0,0,6,Mild,0,0,0,6,0
4,1,16,female,23.73866213,Normal,19,1,1,0,0,15,Severe,1,0,0,11,1
5,1,18,male,25.61728395,Overweight,6,0,0,0,0,14,Moderate,1,0,0,3,0
6,1,15,male,22.12973973,Normal,3,0,0,0,0,2,None-minimal,0,0,0,2,0
7,1,14,male,22.40878677,Normal,6,0,0,0,0,4,None-minimal,0,0,0,3,0
8,1,18,male,20.4824761,Normal,4,0,0,0,0,9,Mild,0,0,0,5,0
